{
    "latent_dim": 10,
    "hidden_dim": 128,
    "threshold": 0.41004690527915955,
    "train_min": -302267712.53,
    "train_max": 343074483.9,
    "train_mean": 234074.75811077873,
    "train_std": 8476638.360029131,
    "scaler_params": {
        "mean": [
            234074.75811077873
        ],
        "scale": [
            8476638.360029131
        ],
        "var": [
            71853397886717.34
        ],
        "n_samples_seen": 3544
    }
}